ndx_id,Date,Close,Open,High,Low,Percent Change
1,01/03/23,10862.640000,11038.420000,11093.100000,10770.930000,0.000000
2,01/04/23,10914.800000,10949.340000,10981.460000,10785.530000,0.004800
3,01/05/23,10741.220000,10837.250000,10842.330000,10728.260000,-0.015900
4,01/06/23,11040.350000,10807.450000,11082.590000,10696.420000,0.027850
5,01/09/23,11108.440000,11133.070000,11304.840000,11085.320000,0.006170
6,01/10/23,11205.780000,11069.050000,11207.560000,11050.680000,0.008760
7,01/11/23,11402.520000,11259.160000,11403.890000,11220.750000,0.017560
8,01/12/23,11459.610000,11441.450000,11500.860000,11246.020000,0.005010
9,01/13/23,11541.480000,11362.130000,11547.960000,11347.600000,0.007140
10,01/17/23,11557.190000,11531.540000,11615.950000,11484.020000,0.001360
11,01/18/23,11410.290000,11636.610000,11690.270000,11403.310000,-0.012710
12,01/19/23,11295.670000,11345.190000,11388.460000,11251.940000,-0.010050
13,01/20/23,11619.030000,11363.850000,11623.200000,11329.540000,0.028630
14,01/23/23,11872.540000,11652.000000,11918.860000,11617.830000,0.021820
15,01/24/23,11846.640000,11802.950000,11889.370000,11780.070000,-0.002180
16,01/25/23,11814.690000,11636.010000,11841.810000,11550.070000,-0.002700
17,01/26/23,12051.480000,11972.570000,12055.810000,11853.370000,0.020040
18,01/27/23,12166.600000,12000.210000,12248.150000,11999.870000,0.009550
19,01/30/23,11912.390000,12047.160000,12087.680000,11906.110000,-0.020890
20,01/31/23,12101.930000,11915.940000,12104.130000,11915.940000,0.015910
21,02/01/23,12363.100000,12087.920000,12458.870000,12010.730000,0.021580
22,02/02/23,12803.140000,12655.180000,12880.980000,12600.760000,0.035590
23,02/03/23,12573.360000,12520.950000,12828.710000,12520.950000,-0.017950
24,02/06/23,12464.510000,12468.800000,12558.870000,12411.880000,-0.008660
25,02/07/23,12728.270000,12474.950000,12771.590000,12419.710000,0.021160
26,02/08/23,12495.380000,12680.030000,12709.450000,12471.110000,-0.018300
27,02/09/23,12381.170000,12677.540000,12679.540000,12327.440000,-0.009140
28,02/10/23,12304.920000,12306.590000,12375.720000,12204.210000,-0.006160
29,02/13/23,12502.310000,12356.500000,12522.780000,12313.450000,0.016040
30,02/14/23,12590.890000,12413.100000,12627.400000,12356.320000,0.007090
31,02/15/23,12687.890000,12531.600000,12689.340000,12486.420000,0.007700
32,02/16/23,12442.480000,12495.070000,12653.400000,12440.000000,-0.019340
33,02/17/23,12358.180000,12352.300000,12385.520000,12233.790000,-0.006780
34,02/21/23,12060.300000,12205.210000,12257.060000,12058.230000,-0.024100
35,02/22/23,12066.270000,12085.670000,12156.210000,12006.040000,0.000500
36,02/23/23,12180.140000,12224.440000,12227.400000,12003.310000,0.009440
37,02/24/23,11969.650000,11979.800000,12018.320000,11900.840000,-0.017280
38,02/27/23,12057.790000,12106.790000,12159.640000,12034.610000,0.007360
39,02/28/23,12042.120000,12041.750000,12146.520000,12021.320000,-0.001300
40,03/01/23,11938.570000,12026.720000,12054.480000,11906.580000,-0.008600
41,03/02/23,12044.870000,11830.090000,12074.590000,11830.090000,0.008900
42,03/03/23,12290.810000,12110.710000,12300.460000,12095.240000,0.020420
43,03/06/23,12302.480000,12344.650000,12466.880000,12297.570000,0.000950
44,03/07/23,12152.170000,12303.190000,12344.040000,12130.010000,-0.012220
45,03/08/23,12215.330000,12181.060000,12237.720000,12102.280000,0.005200
46,03/09/23,11995.880000,12230.840000,12340.450000,11970.340000,-0.017970
47,03/10/23,11830.280000,12001.700000,12069.620000,11789.860000,-0.013800
48,03/13/23,11923.170000,11752.100000,12073.950000,11695.410000,0.007850
49,03/14/23,12199.790000,12078.460000,12217.870000,12035.220000,0.023200
50,03/15/23,12251.320000,12083.240000,12269.450000,12026.180000,0.004220
51,03/16/23,12581.390000,12211.870000,12595.690000,12190.650000,0.026940
52,03/17/23,12519.880000,12570.160000,12674.340000,12444.080000,-0.004890
53,03/20/23,12562.610000,12487.790000,12578.350000,12407.820000,0.003410
54,03/21/23,12741.440000,12643.350000,12762.450000,12582.760000,0.014240
55,03/22/23,12567.150000,12742.410000,12943.620000,12563.780000,-0.013680
56,03/23/23,12729.230000,12735.600000,12900.100000,12611.670000,0.012900
57,03/24/23,12767.050000,12700.510000,12770.280000,12608.150000,0.002970
58,03/27/23,12673.070000,12797.900000,12839.420000,12647.940000,-0.007360
59,03/28/23,12610.570000,12654.910000,12654.910000,12517.870000,-0.004930
60,03/29/23,12846.030000,12768.140000,12867.320000,12734.680000,0.018670
61,03/30/23,12963.140000,12934.990000,12987.970000,12894.140000,0.009120
62,03/31/23,13181.350000,12968.960000,13188.830000,12968.000000,0.016830
63,04/03/23,13148.350000,13084.100000,13157.470000,13036.550000,-0.002500
64,04/04/23,13100.070000,13165.320000,13204.080000,13049.980000,-0.003670
65,04/05/23,12967.200000,13056.790000,13065.280000,12894.440000,-0.010140
66,04/06/23,13062.600000,12892.900000,13078.100000,12846.030000,0.007360
67,04/10/23,13051.230000,12936.520000,13051.850000,12861.520000,-0.000870
68,04/11/23,12964.150000,13040.490000,13049.560000,12947.660000,-0.006670
69,04/12/23,12848.350000,13043.970000,13071.980000,12833.310000,-0.008930
70,04/13/23,13109.390000,12922.900000,13124.410000,12920.020000,0.020320
71,04/14/23,13079.520000,13044.690000,13152.280000,12962.510000,-0.002280
72,04/17/23,13087.710000,13053.260000,13105.680000,12981.260000,0.000630
73,04/18/23,13091.790000,13180.310000,13196.180000,13044.210000,0.000310
74,04/19/23,13088.710000,12992.510000,13128.250000,12988.200000,-0.000240
75,04/20/23,12985.980000,12962.290000,13107.920000,12933.800000,-0.007850
76,04/21/23,13000.770000,12970.320000,13030.850000,12899.640000,0.001140
77,04/24/23,12969.760000,12981.710000,13044.220000,12883.770000,-0.002390
78,04/25/23,12725.110000,12905.090000,12933.280000,12724.240000,-0.018860
79,04/26/23,12806.480000,12866.640000,12929.620000,12783.420000,0.006390
80,04/27/23,13160.030000,12963.210000,13175.620000,12938.500000,0.027610
81,04/28/23,13245.990000,13139.350000,13247.390000,13096.940000,0.006530
82,05/01/23,13231.470000,13229.110000,13287.470000,13186.400000,-0.001100
83,05/02/23,13113.660000,13225.480000,13241.530000,13046.790000,-0.008900
84,05/03/23,13030.210000,13123.100000,13231.710000,13026.040000,-0.006360
85,05/04/23,12982.480000,13014.070000,13064.020000,12938.450000,-0.003660
86,05/05/23,13259.130000,13070.700000,13291.110000,13059.910000,0.021310
87,05/08/23,13291.640000,13247.090000,13302.430000,13193.080000,0.002450
88,05/09/23,13201.110000,13228.640000,13254.810000,13193.880000,-0.006810
89,05/10/23,13347.830000,13308.410000,13384.420000,13204.790000,0.011110
90,05/11/23,13389.780000,13376.850000,13411.700000,13306.080000,0.003140
91,05/12/23,13340.180000,13407.020000,13427.420000,13256.560000,-0.003700
92,05/15/23,13413.510000,13352.260000,13419.810000,13297.850000,0.005500
93,05/16/23,13426.010000,13385.370000,13498.440000,13384.770000,0.000930
94,05/17/23,13589.260000,13474.520000,13608.330000,13419.350000,0.012160
95,05/18/23,13834.620000,13608.950000,13844.760000,13606.810000,0.018060
96,05/19/23,13803.490000,13842.690000,13874.420000,13763.900000,-0.002250
97,05/22/23,13849.740000,13805.330000,13893.710000,13792.970000,0.003350
98,05/23/23,13672.540000,13773.680000,13827.100000,13662.910000,-0.012790
99,05/24/23,13604.480000,13589.020000,13655.730000,13520.920000,-0.004980
100,05/25/23,13938.530000,13920.890000,13986.870000,13812.180000,0.024550
101,05/26/23,14298.410000,13990.550000,14329.490000,13982.160000,0.025820
102,05/30/23,14354.990000,14465.590000,14520.170000,14301.080000,0.003960
103,05/31/23,14254.090000,14293.560000,14375.380000,14216.160000,-0.007030
104,06/01/23,14441.510000,14269.090000,14493.310000,14219.940000,0.013150
105,06/02/23,14546.640000,14517.080000,14595.810000,14442.150000,0.007280
106,06/05/23,14556.500000,14550.130000,14662.950000,14516.880000,0.000680
107,06/06/23,14558.090000,14526.100000,14593.500000,14476.990000,0.000110
108,06/07/23,14303.290000,14573.270000,14647.910000,14283.880000,-0.017500
109,06/08/23,14484.540000,14319.240000,14503.310000,14314.690000,0.012670
110,06/09/23,14528.360000,14574.240000,14672.850000,14487.480000,0.003030
111,06/12/23,14784.300000,14617.350000,14789.600000,14571.360000,0.017620
112,06/13/23,14900.850000,14911.260000,14931.830000,14770.140000,0.007880
113,06/14/23,15005.690000,14894.100000,15017.100000,14784.620000,0.007040
114,06/15/23,15185.480000,14949.700000,15246.620000,14930.120000,0.011980
115,06/16/23,15083.920000,15272.650000,15284.650000,15073.450000,-0.006690
116,06/20/23,15070.150000,15036.480000,15127.420000,14946.720000,-0.000910
117,06/21/23,14867.450000,15019.010000,15038.900000,14826.020000,-0.013450
118,06/22/23,15042.320000,14797.890000,15044.220000,14794.950000,0.011760
119,06/23/23,14891.480000,14879.230000,14983.730000,14821.810000,-0.010030
120,06/26/23,14689.020000,14866.660000,14982.820000,14687.020000,-0.013600
121,06/27/23,14945.910000,14751.570000,14972.310000,14726.750000,0.017490
122,06/28/23,14964.570000,14876.250000,15051.080000,14865.810000,0.001250
123,06/29/23,14939.950000,14965.550000,14986.890000,14876.940000,-0.001650
124,06/30/23,15179.210000,15085.240000,15213.750000,15081.570000,0.016010
125,07/03/23,15208.690000,15190.540000,15232.960000,15153.600000,0.001940
126,07/05/23,15203.780000,15165.360000,15275.180000,15162.660000,-0.000320
127,07/06/23,15089.450000,15054.100000,15106.450000,14969.140000,-0.007520
128,07/07/23,15036.850000,15070.500000,15210.630000,15032.560000,-0.003490
129,07/10/23,15045.640000,15031.950000,15066.440000,14924.640000,0.000580
130,07/11/23,15119.060000,15068.130000,15135.290000,14974.160000,0.004880
131,07/12/23,15307.230000,15279.350000,15364.090000,15209.710000,0.012450
132,07/13/23,15571.980000,15432.480000,15602.740000,15420.710000,0.017300
133,07/14/23,15565.600000,15610.000000,15720.060000,15531.000000,-0.000410
134,07/17/23,15713.280000,15608.280000,15745.670000,15576.510000,0.009490
135,07/18/23,15841.350000,15671.720000,15895.680000,15607.710000,0.008150
136,07/19/23,15826.350000,15888.160000,15932.050000,15781.960000,-0.000950
137,07/20/23,15466.090000,15717.670000,15771.840000,15429.870000,-0.022760
138,07/21/23,15425.670000,15554.950000,15600.540000,15410.570000,-0.002610
139,07/24/23,15448.020000,15475.150000,15504.670000,15374.660000,0.001450
140,07/25/23,15561.420000,15483.060000,15622.690000,15482.040000,0.007340
141,07/26/23,15499.260000,15514.040000,15571.160000,15411.910000,-0.003990
142,07/27/23,15464.930000,15734.030000,15795.510000,15416.050000,-0.002210
143,07/28/23,15750.930000,15630.170000,15788.480000,15617.750000,0.018490
144,07/31/23,15757.000000,15774.300000,15803.550000,15702.740000,0.000390
145,08/01/23,15718.010000,15696.980000,15748.430000,15636.570000,-0.002470
146,08/02/23,15370.740000,15561.150000,15561.360000,15321.440000,-0.022090
147,08/03/23,15353.540000,15287.770000,15436.590000,15270.720000,-0.001120
148,08/04/23,15274.920000,15420.740000,15523.310000,15258.690000,-0.005120
149,08/07/23,15407.850000,15355.620000,15410.850000,15258.920000,0.008700
150,08/08/23,15273.050000,15279.410000,15295.800000,15148.250000,-0.008750
151,08/09/23,15101.710000,15286.990000,15288.760000,15077.910000,-0.011220
152,08/10/23,15128.840000,15217.290000,15366.290000,15072.490000,0.001800
153,08/11/23,15028.070000,15010.520000,15102.530000,14973.670000,-0.006660
154,08/14/23,15205.590000,14988.420000,15206.260000,14972.010000,0.011810
155,08/15/23,15037.650000,15172.080000,15192.880000,15014.360000,-0.011040
156,08/16/23,14876.470000,15021.630000,15077.050000,14874.020000,-0.010720
157,08/17/23,14715.810000,14943.340000,14949.580000,14698.290000,-0.010800
158,08/18/23,14694.840000,14589.710000,14744.570000,14557.830000,-0.001420
159,08/21/23,14936.690000,14762.010000,14958.870000,14739.370000,0.016460
160,08/22/23,14908.960000,15035.070000,15037.790000,14883.980000,-0.001860
161,08/23/23,15148.060000,14947.580000,15188.860000,14947.580000,0.016040
162,08/24/23,14816.440000,15278.930000,15279.240000,14814.830000,-0.021890
163,08/25/23,14941.830000,14858.930000,15001.290000,14715.360000,0.008460
164,08/28/23,15052.460000,15035.480000,15086.230000,14948.920000,0.007400
165,08/29/23,15376.550000,15043.020000,15391.560000,15034.540000,0.021530
166,08/30/23,15462.430000,15386.670000,15484.830000,15341.940000,0.005590
167,08/31/23,15501.070000,15475.430000,15575.010000,15466.410000,0.002500
168,09/01/23,15490.860000,15600.950000,15618.850000,15429.360000,-0.000660
169,09/05/23,15508.240000,15460.520000,15556.850000,15419.960000,0.001120
170,09/06/23,15371.440000,15467.320000,15487.000000,15289.480000,-0.008820
171,09/07/23,15258.520000,15174.220000,15288.200000,15138.730000,-0.007350
172,09/08/23,15280.230000,15265.570000,15374.220000,15244.060000,0.001420
173,09/11/23,15461.870000,15409.770000,15482.840000,15328.350000,0.011890
174,09/12/23,15289.740000,15390.590000,15447.850000,15278.880000,-0.011130
175,09/13/23,15348.530000,15293.270000,15414.610000,15256.600000,0.003850
176,09/14/23,15473.890000,15433.010000,15512.820000,15337.180000,0.008170
177,09/15/23,15202.400000,15425.950000,15435.450000,15173.710000,-0.017550
178,09/18/23,15225.370000,15161.170000,15268.960000,15155.460000,0.001510
179,09/19/23,15191.230000,15152.530000,15219.920000,15069.410000,-0.002240
180,09/20/23,14969.920000,15225.340000,15245.190000,14967.600000,-0.014570
181,09/21/23,14694.240000,14813.480000,14849.250000,14691.690000,-0.018420
182,09/22/23,14701.100000,14756.620000,14855.920000,14686.840000,0.000470
183,09/25/23,14768.900000,14662.690000,14771.120000,14615.450000,0.004610
184,09/26/23,14545.830000,14668.450000,14678.480000,14505.680000,-0.015100
185,09/27/23,14580.160000,14600.140000,14657.210000,14432.600000,0.002360
186,09/28/23,14702.770000,14530.960000,14787.580000,14510.170000,0.008410
187,09/29/23,14715.240000,14853.350000,14901.850000,14664.780000,0.000850
188,10/02/23,14837.570000,14717.900000,14892.180000,14701.520000,0.008310
189,10/03/23,14565.620000,14744.050000,14819.870000,14504.140000,-0.018330
190,10/04/23,14776.250000,14613.230000,14803.040000,14592.560000,0.014460
191,10/05/23,14723.220000,14769.550000,14784.690000,14584.390000,-0.003590
192,10/06/23,14973.240000,14622.230000,15021.380000,14575.950000,0.016980
193,10/09/23,15047.150000,14871.570000,15070.640000,14816.320000,0.004940
194,10/10/23,15131.520000,15074.040000,15241.940000,15050.540000,0.005610
195,10/11/23,15241.120000,15194.530000,15248.220000,15119.620000,0.007240
196,10/12/23,15184.100000,15264.110000,15333.980000,15090.690000,-0.003740
197,10/13/23,14995.120000,15225.730000,15232.370000,14943.420000,-0.012450
198,10/16/23,15172.730000,15054.480000,15209.500000,15047.270000,0.011840
199,10/17/23,15122.010000,15009.260000,15187.060000,14932.770000,-0.003340
200,10/18/23,14909.260000,15022.280000,15103.870000,14865.810000,-0.014070
201,10/19/23,14783.130000,14981.130000,15023.910000,14749.300000,-0.008460
202,10/20/23,14560.880000,14752.590000,14781.220000,14552.120000,-0.015030
203,10/23/23,14604.850000,14514.110000,14746.370000,14419.060000,0.003020
204,10/24/23,14745.850000,14678.410000,14774.160000,14610.330000,0.009650
205,10/25/23,14381.640000,14642.080000,14643.690000,14362.240000,-0.024700
206,10/26/23,14109.570000,14314.010000,14372.510000,14058.330000,-0.018920
207,10/27/23,14180.420000,14245.750000,14321.040000,14130.370000,0.005020
208,10/30/23,14335.510000,14283.980000,14388.200000,14225.860000,0.010940
209,10/31/23,14409.780000,14340.860000,14420.440000,14232.400000,0.005180
210,11/01/23,14664.910000,14453.680000,14677.860000,14441.890000,0.017710
211,11/02/23,14919.550000,14856.950000,14930.760000,14792.810000,0.017360
212,11/03/23,15099.490000,14985.120000,15149.780000,14965.290000,0.012060
213,11/06/23,15154.930000,15137.160000,15180.190000,15064.910000,0.003670
214,11/07/23,15296.020000,15201.770000,15335.440000,15153.310000,0.009310
215,11/08/23,15313.240000,15313.900000,15343.190000,15220.880000,0.001130
216,11/09/23,15187.900000,15351.120000,15382.110000,15171.320000,-0.008190
217,11/10/23,15529.120000,15252.360000,15535.200000,15237.170000,0.022470
218,11/13/23,15482.790000,15469.210000,15524.660000,15404.710000,-0.002980
219,11/14/23,15812.470000,15744.360000,15850.340000,15726.120000,0.021290
220,11/15/23,15817.180000,15881.720000,15904.630000,15765.310000,0.000300
221,11/16/23,15833.170000,15765.200000,15842.630000,15738.220000,0.001010
222,11/17/23,15837.990000,15803.980000,15876.870000,15766.940000,0.000300
223,11/20/23,16027.060000,15845.200000,16056.760000,15844.830000,0.011940
224,11/21/23,15933.620000,15951.550000,15968.090000,15866.820000,-0.005830
225,11/22/23,16001.390000,16025.740000,16119.310000,15964.040000,0.004250
226,11/24/23,15982.010000,15974.850000,16007.430000,15940.620000,-0.001210
227,11/27/23,15961.980000,15969.720000,16045.300000,15932.190000,-0.001250
228,11/28/23,16010.430000,15940.290000,16031.520000,15921.070000,0.003040
229,11/29/23,15987.600000,16111.360000,16166.510000,15976.690000,-0.001430
230,11/30/23,15947.870000,15987.660000,16013.480000,15825.670000,-0.002490
231,12/01/23,15997.580000,15892.590000,16013.750000,15834.930000,0.003120
232,12/04/23,15839.670000,15837.120000,15852.450000,15695.580000,-0.009870
233,12/05/23,15877.710000,15763.650000,15931.840000,15760.590000,0.002400
234,12/06/23,15788.050000,15990.200000,15990.940000,15776.950000,-0.005650
235,12/07/23,16022.490000,15888.230000,16042.510000,15875.480000,0.014850
236,12/08/23,16084.690000,15952.850000,16100.860000,15937.580000,0.003880
237,12/11/23,16221.730000,16069.610000,16232.260000,16061.870000,0.008520
238,12/12/23,16354.250000,16209.610000,16354.250000,16175.460000,0.008170
239,12/13/23,16562.370000,16392.180000,16581.040000,16357.210000,0.012730
240,12/14/23,16537.830000,16603.540000,16660.710000,16419.260000,-0.001480
241,12/15/23,16623.450000,16587.000000,16669.770000,16557.010000,0.005180
242,12/18/23,16729.800000,16631.110000,16764.320000,16629.290000,0.006400
243,12/19/23,16811.850000,16734.250000,16813.010000,16733.380000,0.004900
244,12/20/23,16554.160000,16763.640000,16860.680000,16552.060000,-0.015330
245,12/21/23,16757.410000,16719.610000,16768.020000,16621.520000,0.012280
246,12/22/23,16777.400000,16799.020000,16839.250000,16703.570000,0.001190
247,12/26/23,16878.460000,16816.780000,16907.510000,16813.570000,0.006020
248,12/27/23,16906.800000,16896.140000,16922.010000,16859.550000,0.001680
249,12/28/23,16898.470000,16963.520000,16969.170000,16891.320000,-0.000490
250,12/29/23,16825.930000,16902.440000,16919.510000,16757.890000,-0.004290
251,01/02/24,16543.940000,16667.300000,16686.600000,16453.150000,-0.016760
252,01/03/24,16368.490000,16413.260000,16471.080000,16352.140000,-0.010610
253,01/04/24,16282.010000,16290.770000,16419.440000,16276.430000,-0.005280
254,01/05/24,16305.980000,16281.740000,16415.390000,16249.190000,0.001470
255,01/08/24,16649.870000,16354.220000,16655.230000,16349.390000,0.021090
256,01/09/24,16678.700000,16531.960000,16710.880000,16513.730000,0.001730
257,01/10/24,16793.050000,16702.550000,16827.370000,16654.740000,0.006860
258,01/11/24,16820.900000,16852.190000,16898.160000,16618.860000,0.001660
259,01/12/24,16832.920000,16855.000000,16900.370000,16776.920000,0.000710
260,01/16/24,16830.710000,16775.100000,16895.330000,16726.590000,-0.000130
261,01/17/24,16736.280000,16705.510000,16749.110000,16561.490000,-0.005610
262,01/18/24,16982.290000,16894.330000,16996.980000,16818.130000,0.014700
263,01/19/24,17314.000000,17060.140000,17317.210000,17041.850000,0.019530
264,01/22/24,17330.380000,17403.620000,17450.300000,17309.870000,0.000950
265,01/23/24,17404.210000,17346.950000,17410.860000,17286.020000,0.004260
266,01/24/24,17499.300000,17562.320000,17665.260000,17481.970000,0.005460
267,01/25/24,17516.990000,17589.270000,17631.340000,17430.370000,0.001010
268,01/26/24,17421.010000,17432.870000,17514.760000,17395.540000,-0.005480
269,01/29/24,17596.270000,17438.030000,17603.950000,17414.620000,0.010060
270,01/30/24,17476.710000,17596.270000,17578.460000,17443.770000,-0.006790
271,01/31/24,17137.240000,17269.980000,17375.320000,17128.740000,-0.019420
272,02/01/24,17344.710000,17216.990000,17356.760000,17175.830000,0.012110
273,02/02/24,17642.730000,17415.940000,17682.290000,17378.370000,0.017180
274,02/05/24,17613.040000,17634.690000,17655.770000,17469.620000,-0.001680
275,02/06/24,17572.730000,17664.440000,17680.620000,17475.430000,-0.002290
276,02/07/24,17755.070000,17674.590000,17784.170000,17637.730000,0.010380
277,02/08/24,17783.170000,17757.600000,17814.120000,17728.550000,0.001580
278,02/09/24,17962.410000,17820.980000,17987.900000,17798.810000,0.010080
279,02/12/24,17882.660000,17942.280000,18041.450000,17859.660000,-0.004440
280,02/13/24,17600.420000,17519.800000,17717.670000,17478.230000,-0.015780
281,02/14/24,17807.630000,17728.900000,17815.180000,17619.920000,0.011770
282,02/15/24,17845.720000,17815.320000,17864.580000,17722.310000,0.002140
283,02/16/24,17685.980000,17853.590000,17864.160000,17663.400000,-0.008950
284,02/20/24,17546.100000,17591.170000,17657.080000,17399.410000,-0.007910
285,02/21/24,17478.910000,17412.790000,17482.130000,17319.440000,-0.003830
286,02/22/24,18004.700000,17857.760000,18034.800000,17808.260000,0.030080
287,02/23/24,17937.610000,18052.590000,18091.620000,17902.780000,-0.003730
288,02/26/24,17933.330000,17970.210000,18014.110000,17926.660000,-0.000240
289,02/27/24,17971.050000,17962.580000,17987.540000,17871.060000,0.002100
290,02/28/24,17874.500000,17895.030000,17931.010000,17840.360000,-0.005370
291,02/29/24,18043.850000,17991.670000,18068.520000,17866.260000,0.009470
292,03/01/24,18302.910000,18069.290000,18333.260000,18064.440000,0.014360
293,03/04/24,18226.480000,18290.100000,18313.430000,18218.250000,-0.004180
294,03/05/24,17897.870000,18088.710000,18097.500000,17804.500000,-0.018030
295,03/06/24,18017.570000,18083.510000,18142.880000,17941.640000,0.006690
296,03/07/24,18297.990000,18161.730000,18337.950000,18101.430000,0.015560
297,03/08/24,18018.450000,18312.780000,18416.730000,17995.380000,-0.015280
298,03/11/24,17951.690000,17959.680000,18003.050000,17873.330000,-0.003710
299,03/12/24,18219.110000,18063.020000,18228.370000,17919.330000,0.014900
300,03/13/24,18068.470000,18151.760000,18163.740000,18030.400000,-0.008270
301,03/14/24,18014.810000,18114.690000,18142.900000,17913.630000,-0.002970
302,03/15/24,17808.250000,17926.920000,17930.470000,17764.990000,-0.011470
303,03/18/24,17985.010000,18024.240000,18124.320000,17973.090000,0.009930
304,03/19/24,18032.200000,17902.520000,18039.820000,17809.150000,0.002620
305,03/20/24,18240.110000,18067.700000,18249.120000,18003.240000,0.011530
306,03/21/24,18320.380000,18438.240000,18464.700000,18317.100000,0.004400
307,03/22/24,18339.440000,18293.150000,18386.250000,18267.490000,0.001040
308,03/25/24,18277.060000,18215.540000,18337.350000,18189.280000,-0.003400
309,03/26/24,18210.540000,18329.290000,18378.700000,18207.880000,-0.003640
310,03/27/24,18280.840000,18338.190000,18344.090000,18168.200000,0.003860
311,03/28/24,18254.690000,18263.410000,18308.320000,18231.380000,-0.001430
312,04/01/24,18293.200000,18280.820000,18391.580000,18211.280000,0.002110
313,04/02/24,18121.780000,18076.430000,18135.570000,18002.270000,-0.009370
314,04/03/24,18160.190000,18054.440000,18238.670000,18045.420000,0.002120
315,04/04/24,17878.780000,18331.020000,18362.290000,17875.750000,-0.015500
316,04/05/24,18108.460000,17940.280000,18202.960000,17912.860000,0.012850
317,04/08/24,18100.190000,18130.440000,18178.660000,18050.690000,-0.000460
318,04/09/24,18169.900000,18188.870000,18210.020000,17973.070000,0.003850
319,04/10/24,18011.650000,17957.960000,18040.830000,17932.420000,-0.008710
320,04/11/24,18307.980000,18085.110000,18337.150000,17998.250000,0.016450
321,04/12/24,18003.490000,18117.670000,18166.490000,17952.090000,-0.016630
322,04/15/24,17706.830000,18143.250000,18152.080000,17676.350000,-0.016480
323,04/16/24,17713.660000,17691.450000,17817.730000,17660.890000,0.000390
324,04/17/24,17493.620000,17785.820000,17788.540000,17459.570000,-0.012420
325,04/18/24,17394.310000,17514.770000,17590.810000,17376.490000,-0.005680
326,04/19/24,17037.650000,17334.710000,17362.280000,16973.940000,-0.020500
327,04/22/24,17210.890000,17161.110000,17305.150000,17010.250000,0.010170
328,04/23/24,17471.470000,17297.240000,17513.310000,17277.250000,0.015140
329,04/24/24,17526.800000,17613.660000,17653.660000,17435.330000,0.003170
330,04/25/24,17430.500000,17205.280000,17474.460000,17172.420000,-0.005490
331,04/26/24,17718.300000,17566.220000,17772.780000,17533.080000,0.016510
332,04/29/24,17782.720000,17801.140000,17820.000000,17671.030000,0.003640
333,04/30/24,17440.690000,17720.350000,17768.870000,17440.690000,-0.019230
334,05/01/24,17318.550000,17382.780000,17667.860000,17284.370000,-0.007000
335,05/02/24,17541.540000,17474.920000,17575.800000,17290.640000,0.012880
336,05/03/24,17890.800000,17848.660000,17926.980000,17784.780000,0.019910
337,05/06/24,18093.570000,17950.980000,18094.460000,17937.280000,0.011330
338,05/07/24,18091.450000,18106.330000,18156.320000,18061.610000,-0.000120
339,05/08/24,18085.010000,17987.700000,18135.340000,17987.700000,-0.000360
340,05/09/24,18113.460000,18095.800000,18138.020000,18012.620000,0.001570
341,05/10/24,18161.180000,18171.150000,18247.610000,18099.730000,0.002630
342,05/13/24,18198.610000,18228.400000,18233.500000,18147.570000,0.002060
343,05/14/24,18322.770000,18187.510000,18339.580000,18175.300000,0.006820
344,05/15/24,18596.650000,18412.810000,18607.530000,18359.320000,0.014950
345,05/16/24,18557.960000,18589.980000,18669.500000,18553.300000,-0.002080
346,05/17/24,18546.230000,18571.820000,18590.370000,18462.250000,-0.000630
347,05/20/24,18674.190000,18559.220000,18703.830000,18549.840000,0.006900
348,05/21/24,18713.800000,18603.990000,18721.180000,18589.910000,0.002120
349,05/22/24,18705.200000,18733.540000,18756.690000,18606.160000,-0.000460
350,05/23/24,18623.390000,18907.140000,18907.540000,18554.890000,-0.004370
351,05/24/24,18808.350000,18669.360000,18851.990000,18664.790000,0.009930
352,05/28/24,18869.440000,18855.150000,18875.200000,18755.940000,0.003250
353,05/29/24,18736.750000,18708.070000,18814.820000,18706.620000,-0.007030
354,05/30/24,18538.660000,18683.250000,18705.260000,18487.760000,-0.010570
355,05/31/24,18536.650000,18550.800000,18574.560000,18189.780000,-0.000110
356,06/03/24,18600.970000,18666.720000,18707.220000,18392.570000,0.003470
357,06/04/24,18654.840000,18598.000000,18697.950000,18521.850000,0.002900
358,06/05/24,19035.050000,18791.280000,19035.870000,18768.250000,0.020380
359,06/06/24,19021.190000,19053.010000,19071.790000,18978.860000,-0.000730
360,06/07/24,19000.950000,18992.580000,19113.880000,18958.680000,-0.001060
361,06/10/24,19074.670000,18945.310000,19089.830000,18940.710000,0.003880
362,06/11/24,19210.180000,19031.400000,19212.630000,18966.560000,0.007100
363,06/12/24,19465.180000,19358.260000,19556.900000,19347.280000,0.013270
364,06/13/24,19576.920000,19609.050000,19639.450000,19473.710000,0.005740
365,06/14/24,19659.800000,19557.220000,19664.590000,19534.620000,0.004230
366,06/17/24,19902.750000,19681.860000,19977.840000,19623.710000,0.012360
367,06/18/24,19908.860000,19904.430000,19940.500000,19837.860000,0.000310
368,06/20/24,19752.300000,19962.970000,19979.930000,19685.030000,-0.007860
369,06/21/24,19700.430000,19722.370000,19801.970000,19643.520000,-0.002630
370,06/24/24,19474.620000,19648.230000,19723.200000,19472.530000,-0.011460
371,06/25/24,19701.130000,19555.840000,19712.420000,19523.510000,0.011630
372,06/26/24,19751.050000,19671.070000,19763.550000,19654.180000,0.002530
373,06/27/24,19789.030000,19740.510000,19850.810000,19701.340000,0.001920
374,06/28/24,19682.870000,19817.000000,20017.710000,19665.850000,-0.005360
375,07/01/24,19812.220000,19720.110000,19827.750000,19577.540000,0.006570
376,07/02/24,20011.890000,19746.220000,20014.920000,19741.810000,0.010080
377,07/03/24,20186.630000,19995.280000,20186.630000,19995.280000,0.008730
378,07/05/24,20391.970000,20224.130000,20406.990000,20201.500000,0.010170
379,07/08/24,20439.540000,20393.890000,20455.380000,20363.370000,0.002330
380,07/09/24,20453.020000,20504.170000,20543.900000,20395.570000,0.000660
