nike_id,Date,Open,High,Low,Close,Volume,VWAP,Transactions,Percent Change,Return
1,01/03/23,118.550000,119.490000,117.440000,118.750000,8108770.000000,118.650000,112709,0.000000,0.000000
2,01/04/23,119.960000,122.230000,119.530000,121.210000,8550659.000000,120.990000,117958,0.020720,414.320000
3,01/05/23,120.280000,122.340000,120.080000,120.620000,6046737.000000,121.160000,90011,-0.004870,-99.370000
4,01/06/23,122.000000,125.360000,121.770000,124.530000,10080654.000000,124.130000,141404,0.032420,658.530000
5,01/09/23,125.000000,126.610000,124.550000,124.850000,9397868.000000,125.520000,132578,0.002570,53.890000
6,01/10/23,125.210000,126.330000,124.370000,125.840000,5899920.000000,125.540000,92488,0.007930,166.740000
7,01/11/23,126.320000,128.260000,126.010000,127.940000,6989184.000000,127.600000,92767,0.016690,353.680000
8,01/12/23,128.350000,128.460000,126.460000,127.890000,8366442.000000,127.490000,124541,-0.000390,-8.420000
9,01/13/23,126.660000,129.230000,126.660000,128.850000,4856475.000000,128.310000,79306,0.007510,161.680000
10,01/17/23,128.000000,129.050000,127.830000,128.140000,6163770.000000,128.400000,89931,-0.005510,-119.580000
11,01/18/23,127.800000,128.590000,126.000000,126.430000,6828808.000000,126.780000,75040,-0.013340,-288.000000
12,01/19/23,124.790000,125.440000,123.610000,124.530000,5273493.000000,124.440000,71612,-0.015030,-320.000000
13,01/20/23,124.680000,126.640000,124.040000,126.620000,5673181.000000,125.760000,66881,0.016780,352.000000
14,01/23/23,126.900000,128.740000,126.540000,128.290000,5581559.000000,128.000000,84773,0.013190,281.260000
15,01/24/23,123.580000,128.000000,112.360000,126.830000,5479327.000000,127.270000,79086,-0.011380,-245.890000
16,01/25/23,125.860000,127.010000,124.830000,126.820000,5933516.000000,126.270000,84435,-0.000080,-1.680000
17,01/26/23,128.460000,128.990000,126.010000,127.530000,5838801.000000,127.200000,81916,0.005600,119.580000
18,01/27/23,127.070000,128.580000,126.700000,127.530000,5730012.000000,127.580000,72254,0.000000,0.000000
19,01/30/23,126.500000,127.560000,126.200000,126.370000,6494692.000000,126.590000,83387,-0.009100,-195.370000
20,01/31/23,126.420000,127.850000,126.010000,127.330000,7687083.000000,127.150000,71045,0.007600,161.680000
21,02/01/23,127.900000,130.220000,126.220000,129.500000,6387919.000000,128.150000,90209,0.017040,365.470000
22,02/02/23,130.450000,131.310000,127.860000,129.060000,5214452.000000,129.620000,80286,-0.003400,-74.110000
23,02/03/23,126.790000,129.420000,126.440000,127.610000,4930209.000000,127.800000,79757,-0.011240,-244.210000
24,02/06/23,125.520000,126.100000,124.320000,125.730000,4666535.000000,125.370000,78092,-0.014730,-316.630000
25,02/07/23,123.960000,125.930000,123.250000,125.330000,5288935.000000,124.640000,70085,-0.003180,-67.370000
26,02/08/23,123.380000,124.100000,121.800000,122.910000,5877807.000000,122.750000,89607,-0.019310,-407.580000
27,02/09/23,124.710000,125.020000,121.500000,122.180000,5928984.000000,122.780000,84264,-0.005940,-122.950000
28,02/10/23,121.510000,122.640000,120.540000,122.230000,5195451.000000,121.860000,71189,0.000410,8.420000
29,02/13/23,122.820000,125.720000,122.460000,125.150000,5689778.000000,124.920000,76250,0.023890,491.790000
30,02/14/23,123.950000,126.360000,123.740000,126.200000,4845860.000000,125.590000,69192,0.008390,176.840000
31,02/15/23,124.900000,127.500000,124.900000,127.480000,5689700.000000,126.700000,82989,0.010140,215.580000
32,02/16/23,125.430000,127.210000,124.110000,124.380000,4722184.000000,125.430000,64173,-0.024320,-522.100000
33,02/17/23,123.710000,124.890000,123.440000,124.840000,5161724.000000,124.390000,65924,0.003700,77.470000
34,02/21/23,123.280000,124.000000,120.980000,121.100000,5110256.000000,121.820000,70781,-0.029960,-629.890000
35,02/22/23,121.100000,121.400000,119.640000,119.900000,5021991.000000,120.370000,65613,-0.009910,-202.110000
36,02/23/23,120.760000,120.760000,118.550000,119.960000,4101920.000000,119.620000,60624,0.000500,10.110000
37,02/24/23,117.970000,118.740000,117.340000,118.040000,4693002.000000,118.060000,71265,-0.016010,-323.370000
38,02/27/23,119.260000,119.820000,118.320000,118.530000,4240017.000000,118.830000,63517,0.004150,82.530000
39,02/28/23,118.740000,120.400000,117.840000,118.790000,8414063.000000,119.050000,76793,0.002190,43.790000
40,03/01/23,117.950000,119.790000,117.830000,118.580000,4120488.000000,118.660000,67329,-0.001770,-35.370000
41,03/02/23,117.550000,119.960000,117.550000,119.580000,4443207.000000,119.140000,59978,0.008430,168.420000
42,03/03/23,120.130000,121.040000,119.020000,120.940000,3871822.000000,120.510000,56330,0.011370,229.050000
43,03/06/23,121.130000,121.990000,119.960000,120.170000,5033814.000000,120.730000,74351,-0.006370,-129.680000
44,03/07/23,120.200000,121.020000,119.230000,119.590000,5345746.000000,119.850000,73600,-0.004830,-97.680000
45,03/08/23,119.270000,120.040000,118.730000,119.860000,4175226.000000,119.480000,63166,0.002260,45.470000
46,03/09/23,120.080000,121.860000,117.550000,117.870000,5635879.000000,119.610000,81531,-0.016600,-335.160000
47,03/10/23,118.830000,118.990000,116.640000,117.490000,5979635.000000,117.750000,92560,-0.003220,-64.000000
48,03/13/23,115.820000,118.290000,115.790000,116.860000,6038216.000000,117.180000,84308,-0.005360,-106.110000
49,03/14/23,119.000000,119.490000,117.230000,119.000000,6050822.000000,118.740000,81877,0.018310,360.420000
50,03/15/23,116.320000,118.620000,115.810000,118.170000,6599249.000000,117.470000,94953,-0.006970,-139.790000
51,03/16/23,116.860000,120.810000,116.610000,120.650000,5644022.000000,119.920000,82092,0.020990,417.680000
52,03/17/23,121.170000,121.730000,118.670000,120.390000,12868912.000000,120.260000,110235,-0.002150,-43.790000
53,03/20/23,120.990000,122.680000,119.810000,121.200000,7594101.000000,121.090000,99474,0.006730,136.420000
54,03/21/23,123.500000,126.060000,122.970000,125.610000,15078777.000000,124.910000,165072,0.036390,742.740000
55,03/22/23,123.660000,125.260000,119.330000,119.500000,17625504.000000,122.550000,207751,-0.048640,-1029.050000
56,03/23/23,120.470000,123.270000,119.460000,120.970000,7628073.000000,121.310000,108234,0.012300,247.580000
57,03/24/23,120.230000,121.000000,119.320000,120.710000,6163391.000000,120.160000,90763,-0.002150,-43.790000
58,03/27/23,121.020000,121.070000,117.610000,117.810000,6564242.000000,118.390000,90362,-0.024020,-488.420000
59,03/28/23,117.950000,118.440000,116.850000,117.870000,4461446.000000,117.590000,68765,0.000510,10.110000
60,03/29/23,118.640000,120.570000,118.490000,120.490000,5644018.000000,119.840000,72123,0.022230,441.260000
61,03/30/23,121.030000,121.440000,119.340000,120.100000,4578912.000000,120.250000,67895,-0.003240,-65.680000
62,03/31/23,120.920000,122.710000,120.600000,122.640000,5659422.000000,122.050000,67449,0.021150,427.790000
63,04/03/23,122.500000,122.850000,120.820000,121.670000,4838399.000000,121.640000,67937,-0.007910,-163.370000
64,04/04/23,121.380000,123.940000,121.360000,123.690000,5895258.000000,123.190000,86956,0.016600,340.210000
65,04/05/23,123.000000,123.330000,120.560000,120.900000,4331407.000000,121.230000,73772,-0.022560,-469.890000
66,04/06/23,119.510000,120.490000,117.850000,120.220000,4256901.000000,119.650000,68269,-0.005620,-114.530000
67,04/10/23,119.300000,121.910000,119.130000,121.910000,3731236.000000,121.210000,64012,0.014060,284.630000
68,04/11/23,122.040000,124.080000,122.040000,123.300000,4470956.000000,123.220000,66627,0.011400,234.110000
69,04/12/23,124.760000,124.860000,123.220000,123.660000,4525132.000000,123.930000,72075,0.002920,60.630000
70,04/13/23,124.640000,126.670000,124.460000,126.430000,5355297.000000,125.950000,72581,0.022400,466.530000
71,04/14/23,127.000000,127.490000,125.490000,125.950000,4828882.000000,126.190000,73910,-0.003800,-80.840000
72,04/17/23,126.030000,126.480000,125.130000,126.190000,3917912.000000,125.860000,63383,0.001910,40.420000
73,04/18/23,127.230000,127.280000,125.020000,126.210000,3857914.000000,126.160000,72879,0.000160,3.370000
74,04/19/23,126.000000,126.080000,124.920000,125.670000,3547598.000000,125.670000,59351,-0.004280,-90.950000
75,04/20/23,124.800000,125.350000,123.710000,124.450000,3891706.000000,124.550000,59767,-0.009710,-205.470000
76,04/21/23,124.400000,125.680000,123.620000,125.530000,3651389.000000,124.940000,64977,0.008680,181.890000
77,04/24/23,125.510000,127.130000,125.140000,127.090000,3790923.000000,126.240000,68975,0.012430,262.740000
78,04/25/23,126.530000,126.770000,124.050000,124.660000,4383342.000000,124.990000,68062,-0.019120,-409.260000
79,04/26/23,124.210000,124.980000,123.290000,123.840000,4003190.000000,124.010000,65736,-0.006580,-138.110000
80,04/27/23,124.440000,126.010000,123.140000,125.700000,4252135.000000,124.840000,63282,0.015020,313.260000
81,04/28/23,125.150000,127.070000,124.960000,126.720000,4421419.000000,126.360000,68912,0.008110,171.790000
82,05/01/23,126.920000,128.680000,126.860000,127.920000,4112782.000000,127.950000,69763,0.009470,202.110000
83,05/02/23,127.150000,127.580000,125.160000,127.260000,3831644.000000,126.880000,66372,-0.005160,-111.160000
84,05/03/23,125.490000,128.380000,123.670000,126.740000,4560081.000000,126.420000,79910,-0.004090,-87.580000
85,05/04/23,124.940000,125.180000,122.820000,123.670000,6177127.000000,123.830000,88624,-0.024220,-517.050000
86,05/05/23,125.930000,127.030000,125.220000,126.590000,4887759.000000,126.330000,73195,0.023610,491.790000
87,05/08/23,127.260000,127.690000,125.980000,126.880000,3892645.000000,126.790000,54235,0.002290,48.840000
88,05/09/23,125.270000,125.660000,124.170000,125.100000,4082170.000000,125.000000,65239,-0.014030,-299.790000
89,05/10/23,126.290000,126.460000,122.170000,123.510000,5052636.000000,123.680000,80969,-0.012710,-267.790000
90,05/11/23,123.450000,123.860000,121.900000,122.220000,5723069.000000,122.520000,83527,-0.010440,-217.260000
91,05/12/23,120.990000,121.200000,119.030000,120.210000,6574233.000000,120.150000,99453,-0.016450,-338.530000
92,05/15/23,119.820000,119.990000,118.000000,119.830000,5518188.000000,119.400000,88105,-0.003160,-64.000000
93,05/16/23,117.500000,117.840000,116.120000,116.480000,8307929.000000,116.760000,101307,-0.027960,-564.210000
94,05/17/23,116.380000,117.130000,115.250000,116.980000,7765386.000000,116.610000,102105,0.004290,84.210000
95,05/18/23,117.430000,119.140000,116.850000,118.870000,5970500.000000,118.260000,88128,0.016160,318.320000
96,05/19/23,114.560000,115.490000,113.100000,114.760000,11674272.000000,114.470000,150212,-0.034580,-692.210000
97,05/22/23,112.850000,112.850000,110.020000,110.180000,12710292.000000,111.210000,181568,-0.039910,-771.370000
98,05/23/23,109.770000,111.060000,108.190000,108.780000,11790409.000000,109.360000,164417,-0.012710,-235.790000
99,05/24/23,109.000000,109.100000,107.200000,108.290000,8503192.000000,108.010000,122376,-0.004500,-82.530000
100,05/25/23,108.350000,108.970000,107.420000,107.480000,6729847.000000,107.910000,84383,-0.007480,-136.420000
101,05/26/23,107.000000,108.450000,107.000000,107.510000,7911202.000000,107.820000,107325,0.000280,5.050000
102,05/30/23,108.400000,108.880000,106.270000,106.520000,9329798.000000,107.050000,122172,-0.009210,-166.740000
103,05/31/23,105.700000,106.170000,104.830000,105.260000,21465163.000000,105.320000,146783,-0.011830,-212.210000
104,06/01/23,104.180000,104.600000,102.900000,103.630000,12025210.000000,103.910000,146404,-0.015490,-274.530000
105,06/02/23,107.630000,108.420000,106.130000,107.780000,11838228.000000,107.460000,146289,0.040050,698.950000
106,06/05/23,107.880000,107.880000,105.180000,105.200000,7983941.000000,105.900000,116341,-0.023940,-434.530000
107,06/06/23,105.490000,106.750000,105.200000,106.190000,7896257.000000,106.090000,99184,0.009410,166.740000
108,06/07/23,106.040000,108.240000,105.420000,107.090000,11123903.000000,107.300000,135113,0.008480,151.580000
109,06/08/23,107.160000,107.520000,105.670000,106.200000,9139448.000000,106.240000,99280,-0.008310,-149.890000
110,06/09/23,105.910000,106.280000,105.350000,105.860000,5796002.000000,105.810000,97983,-0.003200,-57.260000
111,06/12/23,106.290000,106.850000,104.600000,106.830000,7953771.000000,105.820000,114384,0.009160,163.370000
112,06/13/23,107.140000,107.480000,106.290000,106.780000,8460508.000000,106.870000,109659,-0.000470,-8.420000
113,06/14/23,107.480000,113.400000,107.480000,112.860000,17415459.000000,112.030000,226239,0.056940,1024.000000
114,06/15/23,111.830000,112.820000,110.160000,112.410000,10374195.000000,111.690000,130637,-0.003990,-75.790000
115,06/16/23,114.000000,114.760000,113.060000,113.590000,14445506.000000,113.830000,116984,0.010500,198.740000
116,06/20/23,111.410000,112.820000,108.960000,109.540000,10606880.000000,109.960000,141159,-0.035650,-682.110000
117,06/21/23,109.130000,110.360000,108.710000,109.980000,8377812.000000,109.740000,97114,0.004020,74.110000
118,06/22/23,110.820000,111.250000,109.780000,110.460000,6003494.000000,110.590000,89382,0.004360,80.840000
119,06/23/23,107.750000,110.290000,107.300000,109.520000,14329235.000000,109.470000,105408,-0.008510,-158.320000
120,06/26/23,109.670000,112.210000,109.670000,111.740000,6887058.000000,111.740000,97480,0.020270,373.890000
121,06/27/23,112.530000,114.180000,112.430000,113.610000,7138608.000000,113.490000,102648,0.016740,314.950000
122,06/28/23,113.340000,113.740000,112.120000,113.030000,6759074.000000,112.930000,90847,-0.005110,-97.680000
123,06/29/23,113.600000,114.270000,112.610000,113.370000,12465528.000000,112.450000,154838,0.003010,57.260000
124,06/30/23,111.590000,112.250000,109.800000,110.370000,19629590.000000,110.750000,215231,-0.026460,-505.260000
125,07/03/23,111.060000,111.300000,109.110000,109.110000,5734199.000000,109.860000,83549,-0.011420,-212.210000
126,07/05/23,108.620000,108.900000,106.540000,107.100000,10354553.000000,107.190000,137415,-0.018420,-338.530000
127,07/06/23,105.290000,106.090000,103.670000,105.100000,9929226.000000,104.820000,135642,-0.018670,-336.840000
128,07/07/23,104.800000,105.470000,104.030000,104.460000,7463086.000000,104.790000,98303,-0.006090,-107.790000
129,07/10/23,104.480000,106.310000,104.250000,105.780000,5374580.000000,105.660000,85292,0.012640,222.320000
130,07/11/23,105.650000,107.620000,105.620000,107.390000,5457205.000000,106.940000,80554,0.015220,271.160000
131,07/12/23,108.520000,109.090000,107.220000,107.760000,8305044.000000,107.970000,103876,0.003450,62.320000
132,07/13/23,109.070000,109.130000,107.680000,107.840000,6692257.000000,108.120000,86282,0.000740,13.470000
133,07/14/23,107.940000,108.640000,107.180000,107.950000,6933557.000000,107.890000,88527,0.001020,18.530000
134,07/17/23,107.260000,109.100000,106.760000,108.710000,6683385.000000,108.440000,87120,0.007040,128.000000
135,07/18/23,108.580000,110.340000,108.310000,109.720000,5717868.000000,109.590000,85037,0.009290,170.110000
136,07/19/23,109.080000,110.240000,108.580000,109.880000,5027105.000000,109.470000,79257,0.001460,26.950000
137,07/20/23,109.570000,110.020000,107.480000,107.530000,6458000.000000,108.310000,89624,-0.021390,-395.790000
138,07/21/23,108.000000,109.290000,107.510000,109.060000,6631599.000000,108.560000,86966,0.014230,257.680000
139,07/24/23,110.410000,110.550000,108.510000,108.770000,6787621.000000,109.360000,101330,-0.002660,-48.840000
140,07/25/23,108.280000,108.850000,107.390000,108.300000,7692755.000000,107.990000,98296,-0.004320,-79.160000
141,07/26/23,108.300000,109.590000,107.950000,109.300000,5148906.000000,108.820000,76541,0.009230,168.420000
142,07/27/23,109.830000,110.230000,107.400000,107.670000,6544605.000000,108.570000,86828,-0.014910,-274.530000
143,07/28/23,108.110000,108.960000,107.630000,108.620000,5960039.000000,108.360000,74946,0.008820,160.000000
144,07/31/23,109.400000,110.850000,109.050000,110.390000,6406734.000000,110.230000,82732,0.016300,298.110000
145,08/01/23,110.000000,110.530000,109.140000,109.400000,4567383.000000,109.590000,70168,-0.008970,-166.740000
146,08/02/23,108.280000,108.520000,107.450000,107.510000,6213581.000000,107.830000,83938,-0.017280,-318.320000
147,08/03/23,107.000000,109.080000,106.640000,108.640000,5085760.000000,108.440000,75183,0.010510,190.320000
148,08/04/23,108.710000,110.310000,108.240000,108.810000,5621400.000000,109.140000,85205,0.001560,28.630000
149,08/07/23,109.870000,110.940000,109.180000,110.480000,4887311.000000,110.020000,76527,0.015350,281.260000
150,08/08/23,109.630000,109.890000,107.350000,109.690000,5851909.000000,108.760000,82848,-0.007150,-133.050000
151,08/09/23,109.790000,110.020000,108.300000,109.690000,4328573.000000,109.520000,67996,0.000000,0.000000
152,08/10/23,110.310000,111.950000,108.520000,109.030000,7276458.000000,109.770000,97901,-0.006020,-111.160000
153,08/11/23,108.900000,109.530000,107.860000,108.090000,5104405.000000,108.370000,86381,-0.008620,-158.320000
154,08/14/23,107.920000,108.300000,107.070000,107.640000,5305181.000000,107.680000,83500,-0.004160,-75.790000
155,08/15/23,106.070000,106.820000,105.600000,106.550000,6197554.000000,106.360000,93483,-0.010130,-183.580000
156,08/16/23,106.070000,108.380000,106.070000,106.530000,5953064.000000,107.120000,74139,-0.000190,-3.370000
157,08/17/23,107.430000,107.830000,104.780000,105.050000,5692762.000000,105.770000,78341,-0.013890,-249.260000
158,08/18/23,103.830000,105.050000,103.760000,104.810000,5836067.000000,104.430000,91330,-0.002280,-40.420000
159,08/21/23,105.470000,105.480000,102.630000,102.860000,6697559.000000,103.210000,107233,-0.018610,-328.420000
160,08/22/23,100.960000,102.370000,100.730000,101.460000,9820097.000000,101.480000,130737,-0.013610,-235.790000
161,08/23/23,96.980000,99.190000,96.540000,98.750000,20909068.000000,97.960000,229163,-0.026710,-456.420000
162,08/24/23,98.700000,99.190000,97.560000,97.630000,10297036.000000,98.210000,121911,-0.011340,-188.630000
163,08/25/23,98.500000,99.090000,97.810000,98.840000,7290611.000000,98.540000,105529,0.012390,203.790000
164,08/28/23,99.590000,100.060000,98.860000,99.630000,6006590.000000,99.490000,78271,0.007990,133.050000
165,08/29/23,100.030000,102.160000,99.720000,101.770000,8641614.000000,101.280000,92814,0.021480,360.420000
166,08/30/23,101.640000,102.810000,101.510000,102.100000,4822098.000000,102.210000,74349,0.003240,55.580000
167,08/31/23,102.620000,102.890000,101.610000,101.710000,7046219.000000,101.950000,81037,-0.003820,-65.680000
168,09/01/23,101.970000,102.960000,101.520000,102.360000,6235599.000000,102.260000,86823,0.006390,109.470000
169,09/05/23,101.500000,101.960000,100.220000,100.320000,6698665.000000,100.690000,97495,-0.019930,-343.580000
170,09/06/23,99.760000,100.300000,99.030000,100.180000,6096014.000000,99.830000,87845,-0.001400,-23.580000
171,09/07/23,98.260000,98.760000,97.640000,97.930000,9927060.000000,98.230000,112994,-0.022460,-378.950000
172,09/08/23,98.100000,98.130000,97.280000,97.670000,6435533.000000,97.610000,86356,-0.002650,-43.790000
173,09/11/23,98.330000,98.380000,96.580000,96.790000,7584681.000000,97.140000,105875,-0.009010,-148.210000
174,09/12/23,96.990000,97.170000,96.180000,96.300000,6307698.000000,96.510000,96510,-0.005060,-82.530000
175,09/13/23,96.300000,97.200000,95.660000,96.130000,7140729.000000,96.300000,109974,-0.001770,-28.630000
176,09/14/23,96.720000,97.680000,95.900000,97.190000,7075271.000000,96.970000,92881,0.011030,178.530000
177,09/15/23,98.150000,98.150000,96.130000,96.260000,10467337.000000,96.700000,84624,-0.009570,-156.630000
178,09/18/23,96.000000,96.370000,95.280000,95.510000,6946299.000000,95.650000,92879,-0.007790,-126.320000
179,09/19/23,95.040000,95.490000,94.410000,94.620000,9390096.000000,94.750000,96764,-0.009320,-149.890000
180,09/20/23,93.970000,95.400000,93.830000,94.040000,10274669.000000,94.560000,98120,-0.006130,-97.680000
181,09/21/23,93.420000,93.490000,91.480000,91.590000,7960552.000000,92.300000,108292,-0.026050,-412.630000
182,09/22/23,91.580000,92.330000,90.550000,90.850000,9292847.000000,91.190000,106485,-0.008080,-124.630000
183,09/25/23,90.000000,90.850000,89.790000,90.600000,8291657.000000,90.480000,99184,-0.002750,-42.110000
184,09/26/23,90.000000,90.700000,89.780000,90.170000,8060479.000000,90.270000,109387,-0.004750,-72.420000
185,09/27/23,90.560000,90.700000,89.200000,89.420000,7613009.000000,89.620000,97764,-0.008320,-126.320000
186,09/28/23,89.100000,89.780000,88.660000,89.630000,16315559.000000,90.730000,163276,0.002350,35.370000
187,09/29/23,99.370000,99.470000,94.620000,95.620000,34910792.000000,96.300000,345989,0.066830,1008.840000
188,10/02/23,96.200000,96.380000,93.730000,94.560000,12776338.000000,94.530000,148125,-0.011090,-178.530000
189,10/03/23,94.320000,96.050000,94.180000,95.090000,10964320.000000,95.040000,121789,0.005600,89.260000
190,10/04/23,95.580000,96.260000,95.120000,95.890000,8038793.000000,95.740000,100455,0.008410,134.740000
191,10/05/23,95.790000,96.230000,95.280000,95.790000,7364782.000000,95.790000,92230,-0.001040,-16.840000
192,10/06/23,95.790000,97.710000,95.060000,97.110000,8532939.000000,96.790000,111185,0.013780,222.320000
193,10/09/23,96.780000,97.140000,95.920000,96.880000,5964219.000000,96.680000,81912,-0.002370,-38.740000
194,10/10/23,97.250000,98.860000,97.230000,97.620000,8499017.000000,97.950000,103937,0.007640,124.630000
195,10/11/23,98.310000,98.950000,98.010000,98.650000,7642891.000000,98.500000,93510,0.010550,173.470000
196,10/12/23,99.540000,100.050000,98.520000,99.250000,10705166.000000,99.270000,127187,0.006080,101.050000
197,10/13/23,99.580000,100.840000,99.450000,99.910000,8784716.000000,100.030000,119341,0.006650,111.160000
198,10/16/23,99.720000,102.580000,99.600000,102.040000,10845424.000000,101.910000,130704,0.021320,358.740000
199,10/17/23,101.970000,103.590000,101.970000,103.010000,9253760.000000,102.900000,113703,0.009510,163.370000
200,10/18/23,102.970000,103.900000,102.930000,103.770000,8757335.000000,103.490000,109417,0.007380,128.000000
201,10/19/23,103.770000,104.350000,102.850000,103.050000,8391080.000000,103.490000,109266,-0.006940,-121.260000
202,10/20/23,103.320000,103.770000,102.570000,102.670000,7823499.000000,102.900000,87891,-0.003690,-64.000000
203,10/23/23,102.130000,103.760000,101.770000,102.810000,5966147.000000,103.000000,81668,0.001360,23.580000
204,10/24/23,103.660000,105.650000,103.660000,105.180000,9252448.000000,105.030000,112785,0.023050,399.160000
205,10/25/23,104.460000,105.040000,103.490000,103.540000,7054680.000000,104.000000,93385,-0.015590,-276.210000
206,10/26/23,102.180000,102.630000,99.950000,100.020000,11222560.000000,100.680000,137775,-0.034000,-592.840000
207,10/27/23,99.780000,100.340000,97.810000,97.980000,9602699.000000,98.840000,117195,-0.020400,-343.580000
208,10/30/23,99.000000,102.050000,99.000000,101.800000,8206702.000000,101.110000,104071,0.038990,643.370000
209,10/31/23,101.400000,102.930000,101.400000,102.770000,6558458.000000,102.480000,79852,0.009530,163.370000
210,11/01/23,102.550000,102.670000,99.970000,100.880000,7272370.000000,100.740000,103673,-0.018390,-318.320000
211,11/02/23,102.050000,105.550000,101.890000,105.080000,8135111.000000,104.510000,99421,0.041630,707.370000
212,11/03/23,106.430000,107.650000,106.050000,107.060000,7567959.000000,107.040000,97747,0.018840,333.470000
213,11/06/23,106.960000,107.600000,106.370000,107.250000,5203165.000000,106.990000,90096,0.001770,32.000000
214,11/07/23,107.320000,109.360000,107.230000,109.360000,7745848.000000,108.870000,93878,0.019670,355.370000
215,11/08/23,109.370000,110.700000,108.900000,109.390000,8639736.000000,109.560000,97862,0.000270,5.050000
216,11/09/23,109.820000,109.900000,106.920000,107.000000,9154218.000000,107.590000,107092,-0.021850,-402.530000
217,11/10/23,107.340000,107.830000,105.610000,106.110000,8897927.000000,106.260000,112806,-0.008320,-149.890000
218,11/13/23,105.370000,105.720000,104.180000,104.200000,7055631.000000,104.490000,86362,-0.018000,-321.680000
219,11/14/23,105.560000,107.100000,105.380000,105.750000,9674819.000000,106.130000,119390,0.014880,261.050000
220,11/15/23,106.820000,109.060000,106.720000,107.820000,11140831.000000,108.060000,130589,0.019570,348.630000
221,11/16/23,107.100000,108.000000,107.000000,107.610000,5386979.000000,107.510000,86020,-0.001950,-35.370000
222,11/17/23,108.060000,108.210000,105.520000,105.960000,6353975.000000,106.250000,81754,-0.015330,-277.890000
223,11/20/23,106.000000,106.550000,105.100000,106.320000,6195561.000000,105.920000,90338,0.003400,60.630000
224,11/21/23,106.170000,106.700000,105.350000,106.550000,5803549.000000,106.170000,81578,0.002160,38.740000
225,11/22/23,107.500000,108.030000,106.820000,107.920000,6280910.000000,107.560000,90422,0.012860,230.740000
226,11/24/23,107.500000,108.000000,107.400000,107.640000,2443610.000000,107.650000,38927,-0.002590,-47.160000
227,11/27/23,107.660000,108.220000,106.900000,107.960000,5761038.000000,107.840000,71912,0.002970,53.890000
228,11/28/23,108.570000,109.900000,108.150000,108.750000,7287568.000000,108.980000,81570,0.007320,133.050000
229,11/29/23,110.800000,112.150000,110.140000,110.370000,9601810.000000,110.730000,119805,0.014900,272.840000
230,11/30/23,110.530000,110.600000,108.960000,110.270000,8690871.000000,109.940000,90209,-0.000910,-16.840000
231,12/01/23,110.330000,113.550000,109.750000,113.480000,8031165.000000,112.500000,106796,0.029110,540.630000
232,12/04/23,113.080000,115.320000,113.000000,115.150000,10086580.000000,114.700000,127221,0.014720,281.260000
233,12/05/23,114.660000,116.040000,114.600000,115.410000,6959966.000000,115.520000,88366,0.002260,43.790000
234,12/06/23,116.000000,117.140000,115.570000,116.110000,6316960.000000,116.360000,81078,0.006070,117.890000
235,12/07/23,114.120000,116.000000,114.120000,114.810000,7294460.000000,115.060000,84772,-0.011200,-218.950000
236,12/08/23,114.500000,116.290000,114.470000,115.910000,6122150.000000,115.810000,72722,0.009580,185.260000
237,12/11/23,117.790000,119.420000,117.430000,118.610000,7972751.000000,118.680000,99814,0.023290,454.740000
238,12/12/23,119.680000,119.990000,118.580000,119.640000,7378379.000000,119.380000,89262,0.008680,173.470000
239,12/13/23,119.350000,121.440000,119.200000,121.170000,8182887.000000,120.520000,98240,0.012790,257.680000
240,12/14/23,121.440000,122.590000,119.820000,121.020000,9590510.000000,121.450000,108839,-0.001240,-25.260000
241,12/15/23,120.930000,122.060000,120.600000,121.550000,13629528.000000,121.390000,97387,0.004380,89.260000
242,12/18/23,121.410000,121.840000,120.860000,121.140000,6874837.000000,121.280000,89402,-0.003370,-69.050000
243,12/19/23,121.740000,123.340000,121.640000,122.640000,7697272.000000,122.500000,88581,0.012380,252.630000
244,12/20/23,121.130000,123.390000,121.000000,121.430000,8978563.000000,122.220000,115920,-0.009870,-203.790000
245,12/21/23,122.300000,123.300000,121.300000,122.530000,16505347.000000,118.730000,185815,0.009060,185.260000
246,12/22/23,108.260000,110.800000,107.450000,108.040000,46609838.000000,108.930000,455983,-0.118260,-2440.420000
247,12/26/23,108.300000,108.690000,107.480000,108.020000,12846721.000000,108.060000,140362,-0.000190,-3.370000
248,12/27/23,108.340000,108.590000,106.850000,107.130000,10157852.000000,107.360000,127570,-0.008240,-149.890000
249,12/28/23,107.210000,109.400000,106.810000,108.820000,9352902.000000,108.380000,124068,0.015780,284.630000
250,12/29/23,108.960000,109.960000,108.090000,108.570000,7667522.000000,108.660000,91083,-0.002300,-42.110000
251,01/02/24,107.610000,107.850000,106.450000,106.550000,9082416.000000,106.950000,127708,-0.018610,-340.210000
252,01/03/24,105.720000,107.480000,104.000000,104.040000,10573744.000000,104.530000,123824,-0.023560,-422.740000
253,01/04/24,102.460000,103.620000,102.300000,102.300000,10400956.000000,102.750000,123921,-0.016720,-293.050000
254,01/05/24,102.460000,103.680000,101.900000,102.080000,8044543.000000,102.430000,105365,-0.002150,-37.050000
255,01/08/24,102.080000,103.680000,101.730000,103.620000,9414218.000000,102.800000,115686,0.015090,259.370000
256,01/09/24,103.170000,103.400000,102.500000,102.740000,7759476.000000,102.810000,94084,-0.008490,-148.210000
257,01/10/24,102.690000,103.830000,102.370000,103.770000,6784662.000000,103.280000,83590,0.010030,173.470000
258,01/11/24,104.220000,106.010000,103.730000,105.900000,9537701.000000,105.090000,114574,0.020530,358.740000
259,01/12/24,106.000000,106.320000,104.720000,105.060000,6680858.000000,105.190000,84188,-0.007930,-141.470000
260,01/16/24,103.940000,104.220000,101.360000,101.720000,10547901.000000,102.260000,130254,-0.031790,-562.530000
261,01/17/24,101.050000,101.310000,100.240000,100.820000,8205443.000000,100.640000,104357,-0.008850,-151.580000
262,01/18/24,101.000000,101.420000,100.070000,100.940000,8848104.000000,100.680000,97752,0.001190,20.210000
263,01/19/24,101.020000,102.180000,99.670000,101.780000,8517208.000000,101.200000,98364,0.008320,141.470000
264,01/22/24,101.750000,101.810000,100.090000,100.560000,9897443.000000,100.690000,106786,-0.011990,-205.470000
265,01/23/24,101.630000,102.140000,101.230000,101.900000,8208026.000000,101.720000,91805,0.013330,225.680000
266,01/24/24,101.780000,101.800000,100.690000,100.760000,7879315.000000,101.160000,101247,-0.011190,-192.000000
267,01/25/24,101.530000,101.740000,100.090000,100.770000,10063746.000000,100.690000,111722,0.000100,1.680000
268,01/26/24,101.570000,103.270000,101.220000,102.750000,9735779.000000,102.620000,107678,0.019650,333.470000
269,01/29/24,102.880000,104.010000,101.340000,103.880000,8860834.000000,102.930000,96286,0.011000,190.320000
270,01/30/24,103.340000,104.310000,103.130000,104.180000,7542837.000000,103.830000,83550,0.002890,50.530000
271,01/31/24,104.090000,104.300000,101.120000,101.530000,11547638.000000,102.310000,138166,-0.025440,-446.320000
272,02/01/24,101.900000,102.250000,100.610000,101.760000,7666694.000000,101.440000,97571,0.002270,38.740000
273,02/02/24,100.880000,101.410000,99.430000,100.710000,8966927.000000,100.510000,114138,-0.010320,-176.840000
274,02/05/24,100.500000,100.590000,99.050000,99.680000,10097935.000000,99.630000,125631,-0.010230,-173.470000
275,02/06/24,99.500000,102.630000,99.130000,102.610000,11372407.000000,101.980000,113900,0.029390,493.470000
276,02/07/24,102.390000,104.340000,102.350000,103.790000,9447765.000000,103.650000,95660,0.011500,198.740000
277,02/08/24,104.430000,104.960000,103.040000,103.770000,6330409.000000,103.840000,88815,-0.000190,-3.370000
278,02/09/24,103.800000,104.940000,103.330000,104.500000,5449022.000000,104.220000,71367,0.007030,122.950000
279,02/12/24,104.740000,107.430000,104.640000,107.180000,7501946.000000,106.740000,91686,0.025650,451.370000
280,02/13/24,104.990000,105.800000,104.240000,105.000000,6180509.000000,104.980000,93603,-0.020340,-367.160000
281,02/14/24,104.820000,106.420000,104.460000,106.330000,5743277.000000,105.550000,77840,0.012670,224.000000
282,02/15/24,107.020000,107.340000,105.830000,106.050000,7187973.000000,106.430000,95220,-0.002630,-47.160000
283,02/16/24,104.630000,104.700000,101.650000,103.510000,14590128.000000,102.850000,147404,-0.023950,-427.790000
284,02/20/24,103.130000,103.840000,102.170000,103.300000,8759480.000000,103.090000,102090,-0.002030,-35.370000
285,02/21/24,103.350000,105.520000,102.930000,105.270000,8893514.000000,104.660000,118224,0.019070,331.790000
286,02/22/24,105.800000,106.010000,104.080000,105.080000,6705491.000000,104.770000,92115,-0.001800,-32.000000
287,02/23/24,105.260000,106.620000,105.190000,105.630000,6947285.000000,105.780000,83622,0.005230,92.630000
288,02/26/24,105.310000,106.100000,103.760000,104.540000,5831480.000000,104.790000,78373,-0.010320,-183.580000
289,02/27/24,104.830000,105.240000,103.990000,105.150000,5317417.000000,104.600000,79824,0.005840,102.740000
290,02/28/24,104.100000,105.440000,103.700000,104.350000,4219844.000000,104.600000,65987,-0.007610,-134.740000
291,02/29/24,104.980000,105.570000,103.680000,103.930000,10811634.000000,104.130000,94943,-0.004020,-70.740000
292,03/01/24,103.870000,103.940000,101.830000,101.880000,7328970.000000,102.320000,102941,-0.019720,-345.260000
293,03/04/24,101.650000,101.770000,99.010000,99.540000,11050914.000000,99.820000,148661,-0.022970,-394.100000
294,03/05/24,99.000000,99.170000,98.000000,98.310000,8670642.000000,98.580000,114880,-0.012360,-207.160000
295,03/06/24,100.000000,100.100000,97.060000,97.630000,10045284.000000,97.970000,121093,-0.006920,-114.530000
296,03/07/24,97.990000,98.400000,97.680000,98.190000,8133866.000000,98.080000,92316,0.005740,94.320000
297,03/08/24,98.490000,99.320000,98.020000,99.160000,9043458.000000,98.790000,91678,0.009880,163.370000
298,03/11/24,99.900000,101.760000,99.440000,101.080000,8521002.000000,101.150000,107541,0.019360,323.370000
299,03/12/24,100.790000,101.360000,99.650000,100.180000,7012889.000000,100.410000,85532,-0.008900,-151.580000
300,03/13/24,100.610000,102.000000,100.330000,101.360000,7326384.000000,101.280000,86358,0.011780,198.740000
301,03/14/24,102.200000,102.490000,100.090000,100.260000,8350939.000000,100.540000,93706,-0.010850,-185.260000
302,03/15/24,100.300000,101.160000,99.340000,99.640000,15208539.000000,99.720000,99698,-0.006180,-104.420000
303,03/18/24,98.980000,99.660000,98.520000,98.740000,7206466.000000,99.080000,94771,-0.009030,-151.580000
304,03/19/24,98.500000,100.040000,98.440000,99.960000,6168856.000000,99.580000,80486,0.012360,205.470000
305,03/20/24,99.450000,100.440000,99.030000,100.270000,7771693.000000,99.850000,85335,0.003100,52.210000
306,03/21/24,100.440000,101.920000,99.760000,100.820000,17172158.000000,100.890000,187067,0.005490,92.630000
307,03/22/24,93.840000,95.170000,91.720000,93.860000,41837410.000000,93.400000,398624,-0.069030,-1172.210000
308,03/25/24,94.070000,95.520000,92.770000,93.750000,14548768.000000,93.620000,150075,-0.001170,-18.530000
309,03/26/24,93.740000,93.860000,92.410000,92.580000,10698447.000000,92.940000,130798,-0.012480,-197.050000
310,03/27/24,93.270000,94.150000,92.320000,94.130000,11095675.000000,93.350000,124613,0.016740,261.050000
311,03/28/24,94.370000,94.810000,93.430000,93.980000,11331676.000000,93.960000,104457,-0.001590,-25.260000
312,04/01/24,93.810000,93.920000,91.690000,92.560000,10353712.000000,92.350000,132174,-0.015110,-239.160000
313,04/02/24,91.760000,91.900000,90.640000,90.950000,11107332.000000,91.220000,125180,-0.017390,-271.160000
314,04/03/24,91.010000,91.440000,90.280000,90.330000,8863598.000000,90.670000,107693,-0.006820,-104.420000
315,04/04/24,90.950000,91.050000,88.890000,89.070000,12110259.000000,89.730000,145844,-0.013950,-212.210000
316,04/05/24,89.150000,90.250000,88.800000,88.840000,9716682.000000,89.250000,109063,-0.002580,-38.740000
317,04/08/24,89.110000,90.260000,88.800000,90.000000,8452543.000000,89.870000,100700,0.013060,195.370000
318,04/09/24,90.000000,91.160000,89.870000,91.000000,7194564.000000,90.690000,94186,0.011110,168.420000
319,04/10/24,89.900000,90.100000,88.770000,89.000000,7932933.000000,89.270000,107744,-0.021980,-336.840000
320,04/11/24,91.230000,92.410000,90.830000,92.000000,15330202.000000,91.710000,158097,0.033710,505.260000
321,04/12/24,92.010000,92.870000,91.120000,92.000000,10905919.000000,92.050000,113007,0.000000,0.000000
322,04/15/24,93.590000,93.920000,92.540000,93.100000,11382922.000000,93.190000,134137,0.011960,185.260000
323,04/16/24,93.040000,94.190000,91.650000,93.390000,10290888.000000,93.270000,117247,0.003110,48.840000
324,04/17/24,94.610000,95.070000,93.660000,94.840000,10053363.000000,94.510000,110168,0.015530,244.210000
325,04/18/24,95.160000,95.880000,94.530000,95.740000,9322622.000000,95.360000,105422,0.009490,151.580000
326,04/19/24,95.420000,96.220000,94.490000,94.530000,10747611.000000,95.300000,97391,-0.012640,-203.790000
327,04/22/24,94.630000,95.060000,93.850000,94.190000,8514287.000000,94.380000,94798,-0.003600,-57.260000
328,04/23/24,94.370000,94.720000,93.910000,94.020000,6439999.000000,94.310000,75776,-0.001800,-28.630000
329,04/24/24,94.100000,95.190000,94.100000,94.640000,6301404.000000,94.690000,75700,0.006590,104.420000
330,04/25/24,94.000000,94.790000,92.440000,93.940000,5054978.000000,93.620000,77212,-0.007400,-117.890000
331,04/26/24,94.590000,95.420000,93.910000,94.120000,5859196.000000,94.450000,77135,0.001920,30.320000
332,04/29/24,94.440000,94.890000,93.700000,94.060000,4939269.000000,94.110000,65818,-0.000640,-10.110000
333,04/30/24,92.910000,93.510000,92.250000,92.260000,6428818.000000,92.700000,80621,-0.019140,-303.160000
334,05/01/24,91.810000,91.870000,90.090000,90.340000,9637443.000000,90.680000,119027,-0.020810,-323.370000
335,05/02/24,91.330000,92.450000,90.910000,92.410000,7272342.000000,91.970000,93067,0.022910,348.630000
336,05/03/24,93.090000,93.650000,91.870000,92.150000,5685368.000000,92.380000,78869,-0.002810,-43.790000
337,05/06/24,92.810000,93.370000,92.480000,93.360000,6669824.000000,92.980000,91848,0.013130,203.790000
338,05/07/24,94.080000,94.320000,93.210000,93.780000,6771823.000000,93.730000,88293,0.004500,70.740000
339,05/08/24,93.120000,93.640000,92.730000,93.590000,4891495.000000,93.360000,60954,-0.002030,-32.000000
340,05/09/24,93.640000,93.980000,93.010000,93.390000,6190375.000000,93.500000,71754,-0.002140,-33.680000
341,05/10/24,93.070000,93.140000,90.880000,90.940000,10508123.000000,91.540000,134230,-0.026230,-412.630000
342,05/13/24,91.270000,92.770000,91.150000,92.720000,8033957.000000,92.120000,104168,0.019570,299.790000
343,05/14/24,92.990000,94.340000,92.600000,92.790000,7584818.000000,93.110000,94375,0.000750,11.790000
344,05/15/24,92.290000,92.620000,90.850000,91.670000,15578601.000000,91.720000,145362,-0.012070,-188.630000
345,05/16/24,91.690000,92.840000,91.530000,91.770000,12605590.000000,92.110000,117520,0.001090,16.840000
346,05/17/24,92.010000,92.290000,91.340000,92.180000,11870845.000000,91.950000,91952,0.004470,69.050000
347,05/20/24,92.250000,92.700000,90.830000,91.770000,9155728.000000,91.610000,114480,-0.004450,-69.050000
348,05/21/24,91.570000,92.850000,91.450000,92.820000,7558129.000000,92.290000,89350,0.011440,176.840000
349,05/22/24,91.950000,92.760000,91.650000,92.500000,6944644.000000,92.390000,85132,-0.003450,-53.890000
350,05/23/24,92.450000,92.580000,91.150000,91.400000,7499195.000000,91.660000,91838,-0.011890,-185.260000
351,05/24/24,91.770000,92.200000,91.490000,91.750000,6834323.000000,91.820000,78393,0.003830,58.950000
352,05/28/24,91.740000,92.520000,91.350000,92.000000,10774941.000000,91.950000,98852,0.002720,42.110000
353,05/29/24,91.680000,92.720000,91.380000,91.670000,7085634.000000,92.000000,92298,-0.003590,-55.580000
354,05/30/24,92.230000,93.880000,91.960000,93.450000,9190848.000000,93.270000,100127,0.019420,299.790000
355,05/31/24,93.500000,95.070000,92.970000,95.050000,12196146.000000,94.500000,96942,0.017120,269.470000
356,06/03/24,94.520000,95.250000,94.050000,94.400000,8271047.000000,94.460000,91609,-0.006840,-109.470000
357,06/04/24,94.290000,95.110000,93.410000,94.740000,7446378.000000,94.490000,88559,0.003600,57.260000
358,06/05/24,95.320000,95.320000,93.700000,94.320000,6906776.000000,94.220000,78418,-0.004430,-70.740000
359,06/06/24,94.860000,96.800000,93.990000,95.720000,9670610.000000,95.560000,110215,0.014840,235.790000
360,06/07/24,95.390000,97.940000,95.300000,96.550000,8808023.000000,96.900000,99903,0.008670,139.790000
361,06/10/24,95.730000,96.990000,95.600000,96.000000,6445656.000000,96.100000,87305,-0.005700,-92.630000
362,06/11/24,95.520000,96.000000,94.520000,95.870000,7175630.000000,95.470000,83422,-0.001350,-21.890000
363,06/12/24,96.350000,96.500000,93.500000,93.680000,9700060.000000,94.190000,112925,-0.022840,-368.840000
364,06/13/24,94.040000,94.530000,93.720000,94.180000,7551013.000000,94.080000,87284,0.005340,84.210000
365,06/14/24,93.800000,94.780000,93.300000,93.390000,6705698.000000,93.690000,74151,-0.008390,-133.050000
366,06/17/24,92.010000,95.120000,92.010000,95.000000,6005504.000000,94.330000,83877,0.017240,271.160000
367,06/18/24,94.670000,95.260000,94.210000,94.780000,6503212.000000,94.760000,78881,-0.002320,-37.050000
368,06/20/24,93.880000,96.090000,93.520000,95.570000,8968091.000000,95.390000,107918,0.008340,133.050000
369,06/21/24,95.960000,97.210000,95.420000,97.180000,14682821.000000,96.630000,113028,0.016850,271.160000
370,06/24/24,97.300000,98.040000,96.680000,97.170000,8646921.000000,97.440000,102127,-0.000100,-1.680000
371,06/25/24,97.310000,97.640000,94.500000,94.750000,8880314.000000,95.420000,94972,-0.024900,-407.580000
372,06/26/24,94.090000,94.480000,93.150000,94.060000,10008337.000000,93.960000,108049,-0.007280,-116.210000
373,06/27/24,93.770000,94.740000,93.390000,94.190000,25613792.000000,90.850000,261564,0.001380,21.890000
374,06/28/24,77.130000,79.050000,74.550000,75.370000,128332128.000000,76.220000,1027359,-0.199810,-3169.680000
375,07/01/24,75.500000,77.060000,74.290000,76.830000,44034260.000000,75.800000,381099,0.019370,245.890000
376,07/02/24,76.820000,76.940000,75.390000,76.040000,25810844.000000,75.950000,220073,-0.010280,-133.050000
377,07/03/24,75.500000,75.920000,75.020000,75.240000,15863601.000000,75.290000,151493,-0.010520,-134.740000
378,07/05/24,75.360000,76.090000,74.780000,75.430000,19284376.000000,75.420000,202412,0.002530,32.000000
379,07/08/24,75.410000,75.490000,73.000000,73.050000,29413459.000000,73.660000,300580,-0.031550,-400.840000
380,07/09/24,73.300000,74.140000,72.380000,72.460000,23451470.000000,73.110000,231527,-0.008080,-99.370000
